keyword,volume,low_cpc,high_cpc
"paraguay visa",590,5.55,30.57
"residency paraguay",210,4.56,46.11
"paraguay citizenship",110,,
"paraguay residency",90,5.38,23.16
"us visa paraguay",70,6.41,25.15
"expat paraguay",50,,
"living in paraguay",40,,
"canada visa paraguay",30,,
"paraguay immigration",30,,
"americans living in paraguay",10,,
"apply for paraguay permanent residency",10,,
"benefits of paraguay citizenship",10,,
"best place to live in paraguay",10,,
"citizenship of paraguay",10,,
"dual citizenship paraguay",10,,
"e visa paraguay",10,,
"entry requirements for paraguay",10,,
"get paraguay citizenship",10,,
"get paraguay passport",10,,
"is paraguay a good place to live",10,,
"is paraguay safe to live",10,,
"living in asuncion",10,,
"living in asuncion paraguay",10,,
"living in paraguay pros and cons",10,,
"living in paraguay reddit",10,,
"migrate to paraguay",10,,
"move to paraguay",10,,
"paraguay business visa",10,,
"paraguay citizenship by bank deposit",10,,
"paraguay citizenship by investment",10,,
"paraguay citizenship by marriage",10,,
"paraguay citizenship cost",10,,
"paraguay citizenship requirements",10,,
"paraguay e visa",10,,
"paraguay golden visa",10,,
"paraguay immigration by investment",10,,
"paraguay immigration laws",10,,
"paraguay immigration official website",10,,
"paraguay immigration policy",10,,
"paraguay immigration requirements",10,,
"paraguay immigration website",10,,
"paraguay investment citizenship",10,,
"paraguay investment visa",10,,
"paraguay migration",10,,
"paraguay nationality law",10,,
"paraguay naturalization",10,,
"paraguay online visa",10,,
"paraguay passport by investment",10,,
"paraguay passport requirements",10,,
"paraguay passport visa free",10,,
"paraguay passport visa free country",10,,
"paraguay permanent residence",10,,
"paraguay permanent residency",10,,
"paraguay permanent residency benefits",10,,
"paraguay permanent residency by investment",10,,
"paraguay permanent residency requirements",10,,
"paraguay residence permit",10,,
"paraguay residence permit requirements",10,,
"paraguay residence visa",10,,
"paraguay residency by bank deposit",10,,
"paraguay residency by investment",10,,
"paraguay residency program",10,,
"paraguay residency requirements",10,,
"paraguay retirement visa",10,,
"paraguay tax residency",10,,
"paraguay temporary residence",10,,
"paraguay temporary residency",10,,
"paraguay temporary residency requirements",10,,
"paraguay tourist visa",10,,
"paraguay tourist visa requirements",10,,
"paraguay us visa",10,,
"paraguay visa for bangladeshi",10,,
"paraguay visa for filipino",10,,
"paraguay visa for indian",10,,
"paraguay visa for indian citizens",10,,
"paraguay visa for indian passport",10,,
"paraguay visa for pakistani",10,,
"paraguay visa free",10,,
"paraguay visa from india",10,,
"paraguay visa on arrival",10,,
"paraguay visa on arrival for indian citizens",10,,
"paraguay visa online",10,,
"paraguay visa policy",10,,
"paraguay visa requirements",10,,
"paraguay visa requirements for indian citizens",10,,
"paraguay visa us citizen",10,,
"paraguay visit visa",10,,
"paraguay visit visa for pakistani",10,,
"paraguay work permit",10,,
"paraguay work visa",10,,
"travel to paraguay visa requirements",10,,
"us embassy paraguay visa",10,,
"us visa for paraguay",10,,
"visa for paraguay for indian citizens",10,,
"visa on arrival paraguay",10,,
"visa requirements for paraguay citizens",10,,
