url,requests,transfer_kb,by_type
/,9,303.6,"{""document"": 1, ""font"": 2, ""stylesheet"": 1, ""image"": 4, ""script"": 1}"
/contacto/,5,196.6,"{""document"": 1, ""font"": 2, ""stylesheet"": 1, ""script"": 1}"
/privacidad/,5,197.1,"{""document"": 1, ""font"": 2, ""stylesheet"": 1, ""script"": 1}"
/visa-canada/,6,212.2,"{""document"": 1, ""font"": 2, ""stylesheet"": 1, ""image"": 1, ""script"": 1}"
/residencia-en-paraguay/,7,248.4,"{""document"": 1, ""stylesheet"": 1, ""font"": 2, ""image"": 2, ""script"": 1}"
/visa-americana/turista/,6,221.6,"{""document"": 1, ""stylesheet"": 1, ""font"": 2, ""image"": 1, ""script"": 1}"
/visa-americana/renovacion/,6,213.6,"{""document"": 1, ""font"": 2, ""stylesheet"": 1, ""image"": 1, ""script"": 1}"
/visa-americana/estudiante/,6,228.5,"{""document"": 1, ""font"": 2, ""stylesheet"": 1, ""image"": 1, ""script"": 1}"
/visa-americana/trabajo/,6,209.4,"{""document"": 1, ""stylesheet"": 1, ""image"": 1, ""script"": 1, ""font"": 2}"
/visa-americana/entrevista/,6,213.5,"{""document"": 1, ""font"": 2, ""stylesheet"": 1, ""image"": 1, ""script"": 1}"
/visa-americana/denegada/,6,213.2,"{""document"": 1, ""stylesheet"": 1, ""font"": 2, ""image"": 1, ""script"": 1}"
/visa-americana/,12,329.6,"{""document"": 1, ""font"": 2, ""stylesheet"": 1, ""image"": 7, ""script"": 1}"
/guias/requisitos-visa-americana-paraguay/,6,221.8,"{""document"": 1, ""font"": 2, ""stylesheet"": 1, ""image"": 1, ""script"": 1}"
/guias/como-llenar-el-ds-160/,6,218.9,"{""document"": 1, ""font"": 2, ""stylesheet"": 1, ""image"": 1, ""script"": 1}"
/guias/preguntas-entrevista-visa-americana/,6,213.6,"{""document"": 1, ""stylesheet"": 1, ""image"": 1, ""font"": 2, ""script"": 1}"
/guias/visa-americana-denegada-214b/,6,213.3,"{""document"": 1, ""font"": 2, ""stylesheet"": 1, ""image"": 1, ""script"": 1}"
/guias/,11,312.4,"{""document"": 1, ""font"": 2, ""stylesheet"": 1, ""image"": 6, ""script"": 1}"
/preguntas-frecuentes/,5,197.6,"{""document"": 1, ""font"": 2, ""stylesheet"": 1, ""script"": 1}"
/nosotros/,5,197.1,"{""document"": 1, ""stylesheet"": 1, ""script"": 1, ""font"": 2}"
/visa-espana/,6,216.0,"{""document"": 1, ""stylesheet"": 1, ""image"": 1, ""script"": 1, ""font"": 2}"
/work-and-travel/,6,228.4,"{""document"": 1, ""font"": 2, ""stylesheet"": 1, ""image"": 1, ""script"": 1}"
/visa-australia/,5,197.8,"{""document"": 1, ""font"": 2, ""stylesheet"": 1, ""script"": 1}"
/residencia-en-paraguay/permanente/,6,225.7,"{""document"": 1, ""font"": 2, ""stylesheet"": 1, ""image"": 1, ""script"": 1}"
/residencia-en-paraguay/temporal/,6,225.7,"{""document"": 1, ""font"": 2, ""stylesheet"": 1, ""image"": 1, ""script"": 1}"
/residencia-en-paraguay/requisitos/,6,225.7,"{""document"": 1, ""font"": 2, ""stylesheet"": 1, ""image"": 1, ""script"": 1}"
/guias/embajada-de-estados-unidos-en-paraguay/,5,198.0,"{""document"": 1, ""stylesheet"": 1, ""font"": 2, ""script"": 1}"
/guias/migraciones-paraguay/,6,220.4,"{""document"": 1, ""font"": 2, ""stylesheet"": 1, ""image"": 1, ""script"": 1}"
/en/paraguay-visa/,6,215.7,"{""document"": 1, ""font"": 2, ""stylesheet"": 1, ""image"": 1, ""script"": 1}"
/en/us-visa-from-paraguay/,6,214.9,"{""document"": 1, ""stylesheet"": 1, ""font"": 2, ""image"": 1, ""script"": 1}"
/en/canada-visa-from-paraguay/,6,211.4,"{""document"": 1, ""stylesheet"": 1, ""image"": 1, ""script"": 1, ""font"": 2}"
/en/residency-in-paraguay/,6,224.3,"{""document"": 1, ""stylesheet"": 1, ""image"": 1, ""font"": 2, ""script"": 1}"
/en/,6,214.4,"{""document"": 1, ""font"": 2, ""stylesheet"": 1, ""image"": 1, ""script"": 1}"
/en/contact/,5,195.9,"{""document"": 1, ""font"": 2, ""stylesheet"": 1, ""script"": 1}"
/guias/cuanto-cuesta-la-visa-americana/,6,219.0,"{""document"": 1, ""font"": 2, ""stylesheet"": 1, ""image"": 1, ""script"": 1}"
/guias/requisitos-para-viajar-a-espana-desde-paraguay/,6,216.3,"{""document"": 1, ""font"": 2, ""stylesheet"": 1, ""image"": 1, ""script"": 1}"
/guias/checklist-visa-americana/,6,213.7,"{""document"": 1, ""font"": 2, ""stylesheet"": 1, ""image"": 1, ""script"": 1}"
/en/privacy/,5,196.4,"{""document"": 1, ""font"": 2, ""stylesheet"": 1, ""script"": 1}"
