file,prompt,name,alt,ar,position
https://d8j0ntlcm91z4.cloudfront.net/user_349VrHjTFIpx9q71lpfpAXcLXvR/hf_20260914_140746_b8072ecc-d558-444f-8265-605d4cd5d2e1.png,home hero couple airport,pareja-paraguaya-aeropuerto-asuncion-pasaportes,Pareja paraguaya con pasaportes y tarjeta de embarque en el aeropuerto Silvio Pettirossi de Asunción,3:2,attention
https://d8j0ntlcm91z4.cloudfront.net/user_349VrHjTFIpx9q71lpfpAXcLXvR/hf_20260914_140746_a04a8154-2b95-4169-9f16-ef3fa6a1a1da.png,hub desk passport form terere,pasaporte-formulario-ds-160-escritorio-terere,Pasaporte formulario impreso y tereré sobre un escritorio antes de preparar la visa americana,4:3,attention
https://d8j0ntlcm91z4.cloudfront.net/user_349VrHjTFIpx9q71lpfpAXcLXvR/hf_20260914_140747_0f695f7c-f39d-48d1-bfd8-cbf744d224c1.png,turista Miami,visa-de-turista-viajera-calle-miami,Viajera con valija caminando por una calle soleada de Miami con palmeras y edificios art déco,4:3,attention
https://d8j0ntlcm91z4.cloudfront.net/user_349VrHjTFIpx9q71lpfpAXcLXvR/hf_20260914_140746_78545a09-6eff-45f0-940c-465316a37a69.png,renovacion passport stamps,renovacion-visa-pasaporte-sellos-asuncion,Manos sosteniendo un pasaporte abierto con sellos de viajes anteriores en un departamento de Asunción,4:3,attention
https://d8j0ntlcm91z4.cloudfront.net/user_349VrHjTFIpx9q71lpfpAXcLXvR/hf_20260914_140746_f5fbec6c-a1e3-49f2-b889-54c9175acdd4.png,estudiante campus,visa-de-estudiante-campus-universidad-estados-unidos,Estudiante paraguayo con mochila y libros en un campus universitario de Estados Unidos en otoño,4:3,attention
https://d8j0ntlcm91z4.cloudfront.net/user_349VrHjTFIpx9q71lpfpAXcLXvR/hf_20260914_140746_f32344cb-a416-4b45-90ab-2bbd87d5827d.png,trabajo construction,visa-de-trabajo-obrero-estados-unidos,Trabajador latinoamericano con chaleco de seguridad en una obra en Estados Unidos al atardecer,4:3,attention
https://d8j0ntlcm91z4.cloudfront.net/user_349VrHjTFIpx9q71lpfpAXcLXvR/hf_20260914_140746_6a3c3504-d7b4-48a0-b216-eeb91c3b100d.png,simulacro entrevista office,simulacro-entrevista-visa-oficina-asuncion,Asesor y cliente practicando la entrevista de visa en una oficina luminosa de Asunción,4:3,attention
https://d8j0ntlcm91z4.cloudfront.net/user_349VrHjTFIpx9q71lpfpAXcLXvR/hf_20260914_140746_32bc6f8f-14ce-4508-844b-58b96c1e9172.png,denegada documents kitchen,visa-denegada-revisar-documentos-en-casa,Mujer revisando con calma una carpeta de documentos en la mesa de su casa en Asunción,4:3,attention
https://d8j0ntlcm91z4.cloudfront.net/user_349VrHjTFIpx9q71lpfpAXcLXvR/hf_20260914_140746_3066d759-5f57-4ddb-81b9-9a2a628edd6d.png,canada toronto,visa-canada-viajero-toronto-cn-tower,Viajero con valija frente al skyline de Toronto y la CN Tower al atardecer,4:3,attention
https://d8j0ntlcm91z4.cloudfront.net/user_349VrHjTFIpx9q71lpfpAXcLXvR/hf_20260914_140746_25fba4c8-7942-4311-9d22-ca7c8b3663e1.png,residencia costanera,residencia-en-paraguay-extranjeros-costanera-asuncion,Pareja extranjera paseando por la Costanera de Asunción con el Palacio de López de fondo,4:3,attention
https://d8j0ntlcm91z4.cloudfront.net/user_349VrHjTFIpx9q71lpfpAXcLXvR/hf_20260914_140746_54a8b9a3-559c-4c43-a2e2-443134ae4b89.png,europa barcelona,visa-europa-estudiante-paraguaya-barcelona,Joven paraguaya con mochila en una calle del casco antiguo de Barcelona,4:3,attention
https://d8j0ntlcm91z4.cloudfront.net/user_349VrHjTFIpx9q71lpfpAXcLXvR/hf_20260914_140746_f73aada3-dba3-4504-8464-eeb84ede6a39.png,nosotros office,oficina-asesoria-de-visas-asuncion,Oficina de asesoría de visas en Asunción con escritorio de madera mapa del mundo y plantas,3:2,attention
